intervalo,fi,hi,porcentaje,Fi,porcentaje_acumulado
"(3.943, 15.2]",2,0.13333333333333333,13.333333333333334,2,13.333333333333334
"(15.2, 26.4]",6,0.4,40.0,8,53.333333333333336
"(26.4, 37.6]",3,0.2,20.0,11,73.33333333333334
"(37.6, 48.8]",2,0.13333333333333333,13.333333333333334,13,86.66666666666667
"(48.8, 60.0]",2,0.13333333333333333,13.333333333333334,15,100.0
